-- Database: `u170538644_unsur` --
-- Table `tbl_hak_akses` --
CREATE TABLE `tbl_hak_akses` (
  `level_pegawai` enum('Pegawai','Admin','Wali Kelas') NOT NULL,
  `hak_akses` enum('0','1') NOT NULL,
  `jurusan` enum('0','1') NOT NULL,
  `kelas` enum('0','1') NOT NULL,
  `pengguna` enum('0','1') NOT NULL,
  `siswa` enum('0','1') NOT NULL,
  `laporan_jenis_pembayaran` enum('0','1') NOT NULL,
  `laporan_pembayaran` enum('0','1') NOT NULL,
  `laporan_siswa` enum('0','1') NOT NULL,
  `laporan_jurusan` enum('0','1') NOT NULL,
  `laporan_kelas` enum('0','1') NOT NULL,
  `laporan_pengguna` enum('0','1') NOT NULL,
  `backup` enum('0','1') NOT NULL,
  `pembayaran` enum('0','1') NOT NULL,
  `transaksi` enum('0','1') NOT NULL,
  `hapus_pembayaran` enum('0','1') NOT NULL,
  PRIMARY KEY (`level_pegawai`)
) ENGINE=InnoDB DEFAULT CHARSET=latin1;

INSERT INTO `tbl_hak_akses` (`level_pegawai`, `hak_akses`, `jurusan`, `kelas`, `pengguna`, `siswa`, `laporan_jenis_pembayaran`, `laporan_pembayaran`, `laporan_siswa`, `laporan_jurusan`, `laporan_kelas`, `laporan_pengguna`, `backup`, `pembayaran`, `transaksi`, `hapus_pembayaran`) VALUES
('Pegawai', '0', '0', '0', '0', '0', '0', '0', '0', '0', '0', '0', '0', '0', '0', '0'),
('Admin', '1', '1', '1', '1', '1', '1', '1', '1', '1', '1', '1', '1', '1', '1', '1'),
('Wali Kelas', '0', '0', '0', '0', '0', '0', '1', '0', '0', '0', '0', '0', '0', '0', '0');

-- Table `tbl_history` --
CREATE TABLE `tbl_history` (
  `id_history` int(11) NOT NULL AUTO_INCREMENT,
  `id_pegawai` int(11) NOT NULL,
  `waktu_history` datetime NOT NULL,
  `keterangan_history` varchar(100) NOT NULL,
  PRIMARY KEY (`id_history`),
  KEY `id_user` (`id_pegawai`)
) ENGINE=InnoDB AUTO_INCREMENT=203 DEFAULT CHARSET=latin1;

INSERT INTO `tbl_history` (`id_history`, `id_pegawai`, `waktu_history`, `keterangan_history`) VALUES
(8, 1, '2018-04-09 02:33:24', 'Telah Login'),
(9, 1, '2018-04-09 09:42:50', 'Telah Login'),
(10, 1, '2018-04-09 10:07:32', 'Telah Logout'),
(11, 1, '2018-04-09 10:07:37', 'Telah Login'),
(12, 1, '2018-04-09 10:08:16', 'Telah Logout'),
(13, 1, '2018-04-09 10:08:45', 'Telah Login'),
(14, 1, '2018-04-09 11:11:04', 'Telah Login'),
(15, 1, '2018-04-09 11:20:02', 'Telah Logout'),
(16, 0, '2018-04-09 11:20:03', 'Telah Logout'),
(17, 1, '2018-04-09 11:23:06', 'Telah Login'),
(18, 1, '2018-04-09 11:34:21', 'Melakukan Transaksi'),
(19, 1, '2018-04-09 11:35:21', 'Telah Logout'),
(20, 1, '2018-04-09 12:10:17', 'Telah Login'),
(21, 1, '2018-04-09 12:10:25', 'Telah Logout'),
(22, 1, '2018-04-09 12:10:51', 'Telah Login'),
(23, 1, '2018-04-09 12:11:30', 'Telah Logout'),
(24, 1, '2018-04-09 12:12:11', 'Telah Login'),
(25, 1, '2018-04-09 12:13:28', 'Telah Logout'),
(26, 1, '2018-04-09 12:15:20', 'Telah Login'),
(27, 1, '2018-04-09 12:15:23', 'Telah Logout'),
(28, 1, '2018-04-09 12:15:59', 'Telah Login'),
(29, 1, '2018-04-09 12:16:10', 'Telah Logout'),
(30, 1, '2018-04-09 15:46:29', 'Telah Login'),
(31, 1, '2018-04-09 15:54:15', 'Telah Logout'),
(32, 1, '2018-04-09 15:54:41', 'Telah Login'),
(33, 1, '2018-04-09 16:33:46', 'Telah Login'),
(34, 1, '2018-04-09 16:47:53', 'Telah Logout'),
(35, 1, '2018-04-09 17:04:42', 'Telah Login'),
(36, 1, '2018-04-09 17:05:11', 'Telah Logout'),
(37, 1, '2018-04-09 17:05:16', 'Telah Login'),
(38, 1, '2018-04-09 17:05:23', 'Telah Logout'),
(39, 1, '2018-04-09 17:16:26', 'Telah Login'),
(40, 1, '2018-04-09 17:19:19', 'Menambahkan Jurusan sdf'),
(41, 1, '2018-04-09 17:20:34', 'Menambahkan Jurusan sldkfh'),
(42, 1, '2018-04-09 17:21:54', 'Menambahkan Jurusan sldkfh'),
(43, 1, '2018-04-09 17:22:12', 'Menghapus Jurusan'),
(44, 1, '2018-04-09 17:22:20', 'Menghapus Jurusan'),
(45, 1, '2018-04-09 17:22:26', 'Menghapus Jurusan'),
(46, 1, '2018-04-09 17:22:36', 'Menambahkan Jurusan apa'),
(47, 1, '2018-04-09 17:23:11', 'Menambahkan Jurusan apa'),
(48, 1, '2018-04-09 17:23:19', 'Menghapus Jurusan'),
(49, 1, '2018-04-09 17:23:23', 'Menghapus Jurusan'),
(50, 1, '2018-04-09 17:23:31', 'Menambahkan Jurusan apa'),
(51, 1, '2018-04-09 17:24:30', 'Menambahkan Jurusan pong'),
(52, 1, '2018-04-09 17:26:08', 'Menghapus Jurusan'),
(53, 1, '2018-04-09 17:26:16', 'Menghapus Jurusan'),
(54, 1, '2018-04-09 17:26:30', 'Telah Logout'),
(55, 1, '2018-04-09 17:26:37', 'Telah Login'),
(56, 1, '2018-04-09 17:28:26', 'Telah Logout'),
(57, 1, '2018-04-09 17:33:53', 'Telah Login'),
(58, 1, '2018-04-09 17:33:59', 'Telah Logout'),
(59, 1, '2018-04-09 17:34:53', 'Telah Login'),
(60, 1, '2018-04-09 17:35:04', 'Telah Logout'),
(61, 1, '2018-04-09 17:35:39', 'Telah Login'),
(62, 1, '2018-04-09 17:36:53', 'Telah Logout'),
(63, 1, '2018-04-09 17:36:58', 'Telah Login'),
(64, 1, '2018-04-09 17:40:59', 'Menambahkan Jurusan tes'),
(65, 1, '2018-04-09 17:49:35', 'Menghapus Jurusan'),
(66, 1, '2018-04-09 17:49:43', 'Menambahkan Jurusan tes'),
(67, 1, '2018-04-09 17:49:51', 'Menghapus Jurusan'),
(68, 1, '2018-04-09 17:52:12', 'Menambahkan Jurusan tes'),
(69, 1, '2018-04-09 17:52:45', 'Mengubah Jurusan tes1'),
(70, 1, '2018-04-09 17:53:00', 'Mengubah Jurusan tes1'),
(71, 1, '2018-04-09 17:59:45', 'Mengubah Jurusan tes1'),
(72, 1, '2018-04-09 17:59:57', 'Mengubah Jurusan tes1'),
(73, 1, '2018-04-09 18:01:34', 'Mengubah Jurusan coba'),
(74, 1, '2018-04-09 18:02:11', 'Menambahkan Jurusan tes'),
(75, 1, '2018-04-09 18:02:17', 'Mengubah Jurusan tesfd'),
(76, 1, '2018-04-09 18:02:21', 'Menghapus Jurusan'),
(77, 1, '2018-04-09 18:06:45', 'Menambahkan Kelas RPL 3'),
(78, 1, '2018-04-09 18:07:33', 'Mengubah Kelas X RPL 2'),
(79, 1, '2018-04-09 18:08:19', 'Mengubah Kelas RPL 2'),
(80, 1, '2018-04-09 18:08:30', 'Mengubah Kelas X RPL 1'),
(81, 1, '2018-04-09 18:08:40', 'Menghapus Kelas '),
(82, 1, '2018-04-09 18:08:49', 'Menambahkan Kelas RPL 2'),
(83, 1, '2018-04-09 18:08:56', 'Mengubah Kelas X RPL 2'),
(84, 1, '2018-04-09 18:09:06', 'Mengubah Kelas X RPL 1'),
(85, 1, '2018-04-09 18:09:10', 'Menghapus Kelas '),
(86, 1, '2018-04-09 18:10:27', 'Mengubah Kelas X RPL 5'),
(87, 1, '2018-04-09 18:10:35', 'Mengubah Kelas X RPL 1'),
(88, 1, '2018-04-09 18:20:03', 'Mengubah Siswa Bagus Prasetya'),
(89, 1, '2018-04-09 18:20:16', 'Mengubah Siswa Bagus Prasetya'),
(90, 1, '2018-04-09 18:21:17', 'Menambahkan Siswa Rendy Andrian Saputra'),
(91, 1, '2018-04-09 18:21:35', 'Mengubah Siswa Rendy Andrian Saputra'),
(92, 1, '2018-04-09 18:22:36', 'Menghapus Siswa '),
(93, 1, '2018-04-09 18:27:04', 'Menambahkan Pembayaran tes'),
(94, 1, '2018-04-09 18:27:12', 'Mengubah Pembayaran tes1'),
(95, 1, '2018-04-09 18:27:20', 'Mengubah Pembayaran tes2'),
(96, 1, '2018-04-09 18:28:17', 'Mengubah Pembayaran tes'),
(97, 1, '2018-04-09 18:28:26', 'Mengubah Pembayaran tesgdfd'),
(98, 1, '2018-04-09 18:29:01', 'Mengubah Pembayaran tes1'),
(99, 1, '2018-04-09 18:29:08', 'Mengubah Pembayaran tes1'),
(100, 1, '2018-04-09 18:29:12', 'Menghapus Pembayaran'),
(101, 1, '2018-04-09 18:52:42', 'Melakukan Transaksi'),
(102, 1, '2018-04-09 18:55:59', 'Melakukan Transaksi'),
(103, 1, '2018-04-09 18:58:47', 'Telah Logout'),
(104, 1, '2018-04-09 18:59:04', 'Telah Login'),
(105, 1, '2018-04-09 19:07:39', 'Telah Login'),
(106, 1, '2018-04-09 19:13:17', 'Telah Logout'),
(107, 1, '2018-04-09 19:14:16', 'Telah Login'),
(108, 1, '2018-04-09 19:14:33', 'Telah Logout'),
(109, 1, '2018-04-10 13:49:54', 'Telah Login'),
(110, 1, '2018-04-10 14:14:03', 'Melakukan Transaksi'),
(111, 1, '2018-04-10 14:15:58', 'Melakukan Transaksi'),
(112, 1, '2018-04-10 14:18:58', 'Melakukan Transaksi'),
(113, 1, '2018-04-10 14:20:52', 'Melakukan Transaksi'),
(114, 1, '2018-04-10 14:22:45', 'Melakukan Transaksi'),
(115, 1, '2018-04-10 14:23:13', 'Melakukan Transaksi'),
(116, 1, '2018-04-10 14:27:01', 'Melakukan Transaksi'),
(117, 1, '2018-04-10 14:28:32', 'Melakukan Transaksi'),
(118, 1, '2018-04-10 14:56:24', 'Telah Logout'),
(119, 1, '2018-04-10 14:56:29', 'Telah Login'),
(120, 1, '2018-04-10 14:56:36', 'Telah Logout'),
(121, 1, '2018-04-10 14:56:52', 'Telah Login'),
(122, 1, '2018-04-10 15:12:57', 'Menambahkan Pembayaran Temu Kangen'),
(123, 1, '2018-04-10 15:16:35', 'Mengubah Pembayaran Temu Kangen'),
(124, 1, '2018-04-10 15:16:54', 'Mengubah Pembayaran Temu Kangen'),
(125, 1, '2018-04-10 15:46:30', 'Mengubah Siswa Bagus Prasetya'),
(126, 1, '2018-04-11 00:40:13', 'Telah Login'),
(127, 1, '2018-04-11 01:03:57', 'Menghapus Pembayaran'),
(128, 1, '2018-04-11 01:04:08', 'Menghapus Pembayaran'),
(129, 1, '2018-04-11 01:05:29', 'Menghapus Pembayaran'),
(130, 1, '2018-04-11 01:07:15', 'Menghapus Pembayaran'),
(131, 1, '2018-04-11 01:10:03', 'Menghapus Pembayaran'),
(132, 1, '2018-04-11 01:10:09', 'Menghapus Pembayaran'),
(133, 1, '2018-04-11 01:10:13', 'Menghapus Pembayaran'),
(134, 1, '2018-04-11 01:10:16', 'Menghapus Pembayaran'),
(135, 1, '2018-04-11 01:10:19', 'Menghapus Pembayaran'),
(136, 1, '2018-04-11 01:14:37', 'Melakukan Transaksi'),
(137, 1, '2018-04-11 01:16:40', 'Melakukan Transaksi'),
(138, 1, '2018-04-11 01:16:54', 'Menghapus Pembayaran'),
(139, 1, '2018-04-11 01:17:15', 'Melakukan Transaksi'),
(140, 1, '2018-04-11 01:17:50', 'Melakukan Transaksi'),
(141, 1, '2018-04-11 01:18:38', 'Melakukan Transaksi'),
(142, 1, '2018-04-11 01:18:58', 'Melakukan Transaksi'),
(143, 1, '2018-04-11 01:19:13', 'Melakukan Transaksi'),
(144, 1, '2018-04-11 01:19:49', 'Melakukan Transaksi'),
(145, 1, '2018-04-11 01:20:13', 'Melakukan Transaksi'),
(146, 1, '2018-04-11 01:20:35', 'Melakukan Transaksi'),
(147, 1, '2018-04-11 01:20:51', 'Melakukan Transaksi'),
(148, 1, '2018-04-11 01:22:04', 'Menghapus Pembayaran'),
(149, 1, '2018-04-11 01:22:06', 'Menghapus Pembayaran'),
(150, 1, '2018-04-11 01:22:09', 'Menghapus Pembayaran'),
(151, 1, '2018-04-11 01:22:11', 'Menghapus Pembayaran'),
(152, 1, '2018-04-11 01:22:13', 'Menghapus Pembayaran'),
(153, 1, '2018-04-11 01:22:15', 'Menghapus Pembayaran'),
(154, 1, '2018-04-11 01:22:18', 'Menghapus Pembayaran'),
(155, 1, '2018-04-11 01:22:20', 'Menghapus Pembayaran'),
(156, 1, '2018-04-11 01:22:33', 'Melakukan Transaksi'),
(157, 1, '2018-04-11 01:23:35', 'Melakukan Transaksi'),
(158, 1, '2018-04-11 01:32:52', 'Menghapus Pembayaran'),
(159, 1, '2018-04-11 01:32:55', 'Menghapus Pembayaran'),
(160, 1, '2018-04-11 01:32:58', 'Menghapus Pembayaran'),
(161, 1, '2018-04-11 01:50:26', 'Mengubah Kelas B 1'),
(162, 1, '2018-04-11 01:51:48', 'Mengubah Kelas B 1'),
(163, 1, '2018-04-11 01:52:42', 'Mengubah Kelas B 1'),
(164, 1, '2018-04-11 01:52:55', 'Menambahkan Kelas MM 2'),
(165, 1, '2018-04-11 01:53:04', 'Menghapus Jurusan'),
(166, 1, '2018-04-11 10:42:04', 'Telah Login'),
(167, 1, '2018-04-11 10:55:27', 'Mengubah Jurusan Bengkel'),
(168, 1, '2018-04-11 11:07:20', 'Mengubah Pembayaran Temu Kangen2'),
(169, 1, '2018-04-11 11:07:51', 'Menghapus Pembayaran'),
(170, 1, '2018-04-11 11:08:06', 'Mengimport Pembayaran'),
(171, 1, '2018-04-11 11:10:09', 'Mengimport Pembayaran'),
(172, 1, '2018-04-11 11:12:36', 'Mengubah Siswa Bagus Prasetya2'),
(173, 1, '2018-04-11 11:14:50', 'Mengimport Siswa '),
(174, 1, '2018-04-11 11:17:44', 'Mengubah Jurusan Multimedia2'),
(175, 1, '2018-04-11 11:17:53', 'Mengimport Jurusan'),
(176, 1, '2018-04-11 11:21:42', 'Mengubah Kelas MM 2333333333'),
(177, 1, '2018-04-11 11:22:05', 'Mengimport Kelas'),
(178, 1, '2018-04-11 11:22:45', 'Mengimport Kelas'),
(179, 1, '2018-04-11 11:38:00', 'Menambahkan Siswa Bagus Prasetya'),
(180, 1, '2018-04-11 11:47:36', 'Menambahkan Siswa Rendy Andria Sahputra'),
(181, 1, '2018-04-11 12:42:27', 'Mengubah Siswa Rendy Andria Sahputra'),
(182, 1, '2018-04-11 12:42:45', 'Telah Login'),
(183, 1, '2018-04-11 12:43:16', 'Telah Logout'),
(184, 1, '2018-04-11 12:45:04', 'Telah Login'),
(185, 1, '2018-04-11 12:45:56', 'Mengubah Siswa Rendy Andria Sahputra'),
(186, 1, '2018-04-11 12:46:33', 'Mengubah Siswa Rendy Andria Sahputra'),
(187, 1, '2018-04-11 13:44:05', 'Mengubah Siswa Rendy Andria Sahputra'),
(188, 1, '2018-04-11 13:46:54', 'Mengubah Siswa Rendy Andria Sahputra'),
(189, 1, '2018-04-11 13:47:06', 'Mengubah Siswa Bagus Prasetya'),
(190, 1, '2018-04-11 13:48:30', 'Mengubah Siswa Bagus Prasetya'),
(191, 1, '2018-04-11 13:56:16', 'Mengubah Siswa Bagus Prasetya'),
(192, 1, '2018-04-11 13:56:28', 'Mengubah Siswa Rendy Andria Sahputra'),
(193, 1, '2018-04-11 13:57:34', 'Mengubah Siswa Bagus Prasetya'),
(194, 1, '2018-04-11 14:01:22', 'Menaikan Seluruh Kelas '),
(195, 1, '2018-04-11 14:01:34', 'Menaikan Seluruh Kelas '),
(196, 1, '2018-04-11 14:02:29', 'Mengubah Siswa Rendy Andria Sahputra'),
(197, 1, '2018-04-11 14:02:39', 'Mengubah Siswa Bagus Prasetya'),
(198, 1, '2018-04-11 14:03:13', 'Menaikan Seluruh Kelas '),
(199, 1, '2018-04-11 14:11:29', 'Menaikan Seluruh Kelas '),
(200, 1, '2018-04-11 14:11:33', 'Menaikan Seluruh Kelas '),
(201, 1, '2018-04-11 14:52:13', 'Telah Login'),
(202, 1, '2018-04-11 15:45:53', 'Telah Login');

-- Table `tbl_jurusan` --
CREATE TABLE `tbl_jurusan` (
  `id_jurusan` int(11) NOT NULL AUTO_INCREMENT,
  `nama_jurusan` varchar(100) NOT NULL,
  `diskripsi_jurusan` varchar(100) NOT NULL,
  PRIMARY KEY (`id_jurusan`)
) ENGINE=InnoDB AUTO_INCREMENT=15 DEFAULT CHARSET=latin1;

INSERT INTO `tbl_jurusan` (`id_jurusan`, `nama_jurusan`, `diskripsi_jurusan`) VALUES
(1, 'Rekayasa Perangkat Lunak', 'RPL'),
(2, 'Multimedia', 'MM'),
(3, 'Bengkel', 'B');

-- Table `tbl_kelas` --
CREATE TABLE `tbl_kelas` (
  `id_kelas` int(11) NOT NULL AUTO_INCREMENT,
  `id_jurusan` int(11) NOT NULL,
  `tingkat_kelas` enum('10','11','12') NOT NULL,
  `nama_kelas` varchar(100) NOT NULL,
  PRIMARY KEY (`id_kelas`),
  KEY `id_jurusan` (`id_jurusan`)
) ENGINE=InnoDB AUTO_INCREMENT=7 DEFAULT CHARSET=latin1;

INSERT INTO `tbl_kelas` (`id_kelas`, `id_jurusan`, `tingkat_kelas`, `nama_kelas`) VALUES
(1, 1, '10', 'RPL 1'),
(2, 1, '11', 'RPL 1'),
(3, 1, '12', 'RPL 1'),
(4, 1, '10', 'RPL 2'),
(5, 1, '11', 'RPL 2'),
(6, 1, '12', 'RPL 2');

-- Table `tbl_pegawai` --
CREATE TABLE `tbl_pegawai` (
  `id_pegawai` int(11) NOT NULL AUTO_INCREMENT,
  `nip` char(15) NOT NULL,
  `nama_pegawai` varchar(100) NOT NULL,
  `alamat_pegawai` varchar(200) NOT NULL,
  `telp_pegawai` varchar(15) NOT NULL,
  `foto_pegawai` text NOT NULL,
  `email_pegawai` varchar(100) NOT NULL,
  `password_pegawai` varchar(100) NOT NULL,
  `level_pegawai` enum('Admin','Pegawai','Wali Kelas') NOT NULL,
  `aktif_pegawai` enum('0','1') NOT NULL,
  PRIMARY KEY (`id_pegawai`),
  UNIQUE KEY `nip` (`nip`),
  UNIQUE KEY `email_pegawai` (`email_pegawai`)
) ENGINE=InnoDB AUTO_INCREMENT=2 DEFAULT CHARSET=latin1;

INSERT INTO `tbl_pegawai` (`id_pegawai`, `nip`, `nama_pegawai`, `alamat_pegawai`, `telp_pegawai`, `foto_pegawai`, `email_pegawai`, `password_pegawai`, `level_pegawai`, `aktif_pegawai`) VALUES
(1, '2110175022', 'Fastforit', 'Jalan Slamet Riyadi 92, Kota Pasuruan', '085655580445', '1523171296-3.png', 'fastforit@gmail.com', '7b2e9f54cdff413fcde01f330af6896c3cd7e6cd', 'Admin', '1');

-- Table `tbl_pembayaran` --
CREATE TABLE `tbl_pembayaran` (
  `id_pembayaran` int(11) NOT NULL AUTO_INCREMENT,
  `nama_pembayaran` varchar(100) NOT NULL,
  `nominal_pembayaran` int(11) NOT NULL,
  `jumlah_cicilan` int(11) NOT NULL,
  `aktif_pembayaran` enum('0','1') NOT NULL,
  PRIMARY KEY (`id_pembayaran`)
) ENGINE=InnoDB AUTO_INCREMENT=10 DEFAULT CHARSET=latin1;

INSERT INTO `tbl_pembayaran` (`id_pembayaran`, `nama_pembayaran`, `nominal_pembayaran`, `jumlah_cicilan`, `aktif_pembayaran`) VALUES
(2, 'SPP', 3000000, 8, '1'),
(4, 'Iuran', 100000, 100, '0'),
(7, 'Wisuda 2018', 300000, 1, '1'),
(9, 'Temu Kangen', 5000000, 3, '1');

-- Table `tbl_siswa` --
CREATE TABLE `tbl_siswa` (
  `id_siswa` int(11) NOT NULL AUTO_INCREMENT,
  `nis` char(15) NOT NULL,
  `nama_siswa` varchar(100) NOT NULL,
  `jekel_siswa` enum('Laki-Laki','Perempuan') NOT NULL,
  `alamat_siswa` text NOT NULL,
  `email_siswa` varchar(100) NOT NULL,
  `foto_siswa` text NOT NULL,
  `id_kelas` int(11) NOT NULL,
  `aktif_siswa` enum('0','1','11') NOT NULL,
  `angkatan_siswa` varchar(30) NOT NULL,
  PRIMARY KEY (`id_siswa`),
  UNIQUE KEY `nis` (`nis`),
  UNIQUE KEY `email_siswa` (`email_siswa`),
  KEY `id_kelas` (`id_kelas`)
) ENGINE=InnoDB AUTO_INCREMENT=10 DEFAULT CHARSET=latin1;

INSERT INTO `tbl_siswa` (`id_siswa`, `nis`, `nama_siswa`, `jekel_siswa`, `alamat_siswa`, `email_siswa`, `foto_siswa`, `id_kelas`, `aktif_siswa`, `angkatan_siswa`) VALUES
(4, '143140914111009', 'Bagus Prasetya', 'Laki-Laki', 'Jalan Slamet Riyadi 92', 'bagusprasetya96@gmail.com', '1523349990-DSC_7324 - Ringan.jpg', 6, '11', '2018'),
(9, '143140914111008', 'Rendy Andria Sahputra', 'Laki-Laki', 'Jalan Sunan Ampel, Kota Pasuruan', 'rendy@gmail.com', '1523425593-wsrna.jpg', 3, '11', '2018');

-- Table `tbl_transaksi` --
CREATE TABLE `tbl_transaksi` (
  `id_transaksi` char(15) NOT NULL,
  `waktu_transaksi` datetime NOT NULL,
  `id_siswa` int(11) NOT NULL,
  `id_pegawai` int(11) NOT NULL,
  `id_pembayaran` int(11) NOT NULL,
  `nominal_transaksi` double NOT NULL,
  `pembayaran_melalui` enum('TUNAI','TRANSFER') NOT NULL,
  `file_foto` varchar(30) NOT NULL,
  `cicilan_transaksi` int(11) NOT NULL,
  PRIMARY KEY (`id_transaksi`),
  KEY `id_siswa` (`id_siswa`),
  KEY `id_pegawai` (`id_pegawai`)
) ENGINE=InnoDB DEFAULT CHARSET=latin1;

INSERT INTO `tbl_transaksi` (`id_transaksi`, `waktu_transaksi`, `id_siswa`, `id_pegawai`, `id_pembayaran`, `nominal_transaksi`, `pembayaran_melalui`, `file_foto`, `cicilan_transaksi`) VALUES
('TR-000000000001', '2018-04-07 09:45:24', 4, 1, 7, '50000', 'TUNAI', '0', 1),
('TR-000000000002', '2018-04-07 13:03:31', 4, 1, 7, '100000', 'TUNAI', '0', 2),
('TR-000000000003', '2018-04-08 05:05:37', 4, 1, 7, '5000', 'TRANSFER', '1523156737-Bukti Transfer.jpg', 3),
('TR-000000000004', '2018-04-09 00:51:38', 4, 1, 2, '1000000', 'TUNAI', '0', 1),
('TR-000000000005', '2018-04-09 01:08:09', 4, 1, 7, '145000', 'TUNAI', '0', 4),
('TR-000000000006', '2018-04-09 18:55:59', 4, 1, 2, '100000', 'TUNAI', '0', 2),
('TR-000000000007', '2018-04-10 14:14:03', 4, 1, 2, '900000', 'TUNAI', '0', 3),
('TR-000000000008', '2018-04-10 14:15:58', 4, 1, 2, '500', 'TUNAI', '0', 4),
('TR-000000000014', '2018-04-10 14:28:32', 4, 1, 2, '10000', 'TUNAI', '0', 10),
('TR-000000000015', '2018-04-11 01:14:37', 4, 1, 2, '200000', 'TUNAI', '0', 6);

